{"cameraMode":{"drawMode":0,"name":"Shaded","section":"Shading Mode"},"sceneLighting":false,"audioPlay":false,"sceneViewState":{"showFog":true,"showMaterialUpdate":false,"showSkybox":false,"showFlares":true,"showImageEffects":true,"showParticleSystems":true},"in2DMode":false,"pivot":{"x":0.8342832326889038,"y":0.3217417597770691,"z":1.1213206052780152},"rotation":{"x":-0.06858329474925995,"y":0.832130491733551,"z":-0.1056685596704483,"w":-0.5400856137275696},"size":0.47604313492774966,"orthographic":false}