{"cameraMode":{"drawMode":0,"name":"Shaded","section":"Shading Mode"},"sceneLighting":false,"audioPlay":false,"sceneViewState":{"showFog":true,"showMaterialUpdate":false,"showSkybox":false,"showFlares":true,"showImageEffects":true,"showParticleSystems":true},"in2DMode":false,"pivot":{"x":0.9186928272247315,"y":0.4638656675815582,"z":0.8468596935272217},"rotation":{"x":-0.009980559349060059,"y":-0.9443307518959045,"z":-0.028831755742430688,"w":0.3275866210460663},"size":1.4858288764953614,"orthographic":false}