{"cameraMode":{"drawMode":0,"name":"Shaded","section":"Shading Mode"},"sceneLighting":false,"audioPlay":false,"sceneViewState":{"showFog":true,"showMaterialUpdate":false,"showSkybox":false,"showFlares":true,"showImageEffects":true,"showParticleSystems":true},"in2DMode":false,"pivot":{"x":-0.908017635345459,"y":0.029887795448303224,"z":-0.5165049433708191},"rotation":{"x":-0.09521336108446121,"y":0.7726617455482483,"z":-0.11939331889152527,"w":-0.6161788105964661},"size":1.9520390033721924,"orthographic":false}