{"cameraMode":{"drawMode":0,"name":"Shaded","section":"Shading Mode"},"sceneLighting":false,"audioPlay":false,"sceneViewState":{"showFog":true,"showMaterialUpdate":false,"showSkybox":false,"showFlares":true,"showImageEffects":true,"showParticleSystems":true},"in2DMode":false,"pivot":{"x":984.0618896484375,"y":950.470458984375,"z":-8.176773071289063},"rotation":{"x":0.18598273396492005,"y":-0.08652684092521668,"z":0.016446245834231378,"w":0.9786005020141602},"size":66.51265716552735,"orthographic":false}