{"cameraMode":{"drawMode":0,"name":"Shaded","section":"Shading Mode"},"sceneLighting":false,"audioPlay":false,"sceneViewState":{"showFog":true,"showMaterialUpdate":false,"showSkybox":false,"showFlares":true,"showImageEffects":true,"showParticleSystems":true},"in2DMode":false,"pivot":{"x":0.337857723236084,"y":0.967527449131012,"z":0.16913855075836183},"rotation":{"x":-0.0746651142835617,"y":0.6120119094848633,"z":-0.05819886550307274,"w":-0.7851640582084656},"size":1.9520390033721924,"orthographic":false}