{"cameraMode":{"drawMode":0,"name":"Shaded","section":"Shading Mode"},"sceneLighting":false,"audioPlay":false,"sceneViewState":{"showFog":true,"showMaterialUpdate":false,"showSkybox":false,"showFlares":true,"showImageEffects":true,"showParticleSystems":true},"in2DMode":false,"pivot":{"x":0.0000019073486328125,"y":0.544814944267273,"z":-0.005593776702880859},"rotation":{"x":-0.0746651142835617,"y":0.6120119094848633,"z":-0.05819886550307274,"w":-0.7851640582084656},"size":1.6520390510559083,"orthographic":false}